,chat,system,gpt_complete,gpt_incomplete,claude_complete,claude_incomplete,gpt_incomplete_ask,claude_incomplete_ask,gpt_incomplete_clarification,claude_incomplete_clarification,gpt_incomplete_conversation,claude_incomplete_conversation,gpt_complete_fc,claude_complete_fc,gpt_incomplete_fc,claude_incomplete_fc
0,"USER: Can you book a flight for me from New York to London?


ASSISTANT: I'm sorry, but I don't have the capability to book flights. My current function allows me to get the exchange rate between two currencies. If you need help with that, feel free to ask! <|endoftext|>


","SYSTEM: You are a helpful assistant with access to the following functions. Use them if required -
{
    ""name"": ""get_exchange_rate"",
    ""description"": ""Get the exchange rate between two currencies"",
    ""parameters"": {
        ""type"": ""object"",
        ""properties"": {
            ""base_currency"": {
                ""type"": ""string"",
                ""description"": ""The currency to convert from""
            },
            ""target_currency"": {
                ""type"": ""string"",
                ""description"": ""The currency to convert to""
            }
        },
        ""required"": [
            ""base_currency"",
            ""target_currency""
        ]
    }
}
",USER: What's the current exchange rate from USD to EUR?,USER: What's the current exchange rate from USD?,USER: Hey there! I'm planning a trip to Japan soon and I'm trying to figure out my budget. Could you tell me the current exchange rate between US dollars and Japanese yen? I want to know how much my money will be worth when I get there.,"USER: Hey, can you tell me the current exchange rate for US dollars to euros? I'm planning a trip to Europe soon and want to get an idea of how much my money will be worth there.","ASSISTANT: Could you please specify the target currency you would like to convert USD to? For example, EUR, GBP, JPY, etc.","ASSISTANT: Thank you for your question about the exchange rate. To provide you with the most accurate information, I need to confirm a few details. While you've mentioned US dollars and euros, could you please specify which currency you'd like as the base currency and which as the target currency? For example, do you want to know how many euros you can get for 1 US dollar, or vice versa?",USER: I would like to convert USD to EUR.,USER: I'd like to know how many euros I can get for 1 US dollar. So the base currency would be US dollars and the target currency would be euros.,"USER: What's the current exchange rate from USD?
ASSISTANT: Could you please specify the target currency you would like to convert USD to? For example, EUR, GBP, JPY, etc.
USER: I would like to convert USD to EUR.","USER: Hey, can you tell me the current exchange rate for US dollars to euros? I'm planning a trip to Europe soon and want to get an idea of how much my money will be worth there.
ASSISTANT: Thank you for your question about the exchange rate. To provide you with the most accurate information, I need to confirm a few details. While you've mentioned US dollars and euros, could you please specify which currency you'd like as the base currency and which as the target currency? For example, do you want to know how many euros you can get for 1 US dollar, or vice versa?
USER: I'd like to know how many euros I can get for 1 US dollar. So the base currency would be US dollars and the target currency would be euros.","<function_call>get_exchange_rate:{""base_currency"":""USD"",""target_currency"":""EUR""}</function_call>","<function_call>get_exchange_rate:{""base_currency"":""USD"",""target_currency"":""JPY""}</function_call>","<function_call>get_exchange_rate:{""base_currency"":""USD"",""target_currency"":""EUR""}</function_call>","<function_call>get_exchange_rate:{""base_currency"":""USD"",""target_currency"":""EUR""}</function_call>"
1,"USER: Can you tell me the latest news headlines for the United States?


ASSISTANT: <functioncall> {""name"": ""get_news_headlines"", ""arguments"": '{""country"": ""United States""}'} <|endoftext|>


FUNCTION RESPONSE: {""headlines"": [""Biden announces new vaccine mandates"", ""Hurricane Ida devastates Louisiana"", ""Apple unveils new iPhone"", ""NASA's Perseverance rover collects first Mars rock sample""]}


ASSISTANT: Here are the latest news headlines for the United States:
1. Biden announces new vaccine mandates
2. Hurricane Ida devastates Louisiana
3. Apple unveils new iPhone
4. NASA's Perseverance rover collects first Mars rock sample <|endoftext|>


USER: That's interesting. What about the news in France?


ASSISTANT: <functioncall> {""name"": ""get_news_headlines"", ""arguments"": '{""country"": ""France""}'} <|endoftext|>


FUNCTION RESPONSE: {""headlines"": [""France recalls ambassadors to US and Australia"", ""French election: Macron's party braces for tough fight"", ""Louvre Museum to undergo major overhaul"", ""France to offer free birth control to all women under 25""]}


ASSISTANT: Here are the latest news headlines for France:
1. France recalls ambassadors to US and Australia
2. French election: Macron's party braces for tough fight
3. Louvre Museum to undergo major overhaul
4. France to offer free birth control to all women under 25 <|endoftext|>


","SYSTEM: You are a helpful assistant with access to the following functions. Use them if required -
{
    ""name"": ""get_news_headlines"",
    ""description"": ""Get the latest news headlines"",
    ""parameters"": {
        ""type"": ""object"",
        ""properties"": {
            ""country"": {
                ""type"": ""string"",
                ""description"": ""The country for which to fetch news""
            }
        },
        ""required"": [
            ""country""
        ]
    }
}
",USER: Can you get me the latest news headlines from the United States?,USER: Can you give me the latest news headlines from the US?,USER: Hey there! I'm planning a trip to Japan soon and I'd like to stay up-to-date with what's happening there. Could you give me the latest news headlines from Japan?,USER: What's happening in the news today? I'd like to stay updated on current events.,ASSISTANT: Could you please specify the country for which you would like to fetch the latest news headlines?,"ASSISTANT: To provide you with the most relevant news updates, could you please specify which country's news you're interested in? This will help me fetch the latest headlines for that particular region.",USER: I would like to fetch the latest news headlines from the US.,USER: I'm interested in news from the United States. Could you please provide me with the latest headlines from there?,"USER: Can you give me the latest news headlines from the US?
ASSISTANT: Could you please specify the country for which you would like to fetch the latest news headlines?
USER: I would like to fetch the latest news headlines from the US.","USER: What's happening in the news today? I'd like to stay updated on current events.
ASSISTANT: To provide you with the most relevant news updates, could you please specify which country's news you're interested in? This will help me fetch the latest headlines for that particular region.
USER: I'm interested in news from the United States. Could you please provide me with the latest headlines from there?","<function_call>get_news_headlines:{""country"":""United States""}</function_call>","<function_call>get_news_headlines:{""country"":""Japan""}</function_call>","<function_call>get_news_headlines:{""country"":""US""}</function_call>","<function_call>get_news_headlines:{""country"":""United States""}</function_call>"
2,"USER: I need a new password. Can you generate one for me?


ASSISTANT: Of course. How long would you like your password to be? And would you like it to include symbols? <|endoftext|>


USER: I would like it to be 12 characters long and yes, please include symbols.


ASSISTANT: <functioncall> {""name"": ""generate_password"", ""arguments"": '{""length"": 12, ""include_symbols"": true}'} <|endoftext|>


FUNCTION RESPONSE: {""password"": ""4&7j#9@1Q6*""}


ASSISTANT: Here is your new password: 4&7j#9@1Q6*. Please make sure to save it in a secure location. <|endoftext|>


","SYSTEM: You are a helpful assistant with access to the following functions. Use them if required -
{
    ""name"": ""generate_password"",
    ""description"": ""Generate a random password"",
    ""parameters"": {
        ""type"": ""object"",
        ""properties"": {
            ""length"": {
                ""type"": ""integer"",
                ""description"": ""The length of the password""
            },
            ""include_symbols"": {
                ""type"": ""boolean"",
                ""description"": ""Whether to include symbols in the password""
            }
        },
        ""required"": [
            ""length""
        ]
    }
}

{
    ""name"": ""create_task"",
    ""description"": ""Create a new task in a task management system"",
    ""parameters"": {
        ""type"": ""object"",
        ""properties"": {
            ""title"": {
                ""type"": ""string"",
                ""description"": ""The title of the task""
            },
            ""due_date"": {
                ""type"": ""string"",
                ""format"": ""date"",
                ""description"": ""The due date of the task""
            },
            ""priority"": {
                ""type"": ""string"",
                ""enum"": [
                    ""low"",
                    ""medium"",
                    ""high""
                ],
                ""description"": ""The priority of the task""
            }
        },
        ""required"": [
            ""title"",
            ""due_date"",
            ""priority""
        ]
    }
}

","USER: Hi, can you help me create a new task? I need to set a reminder to submit my project report. The due date is October 15, 2023, and it's really important, so please set the priority to high.","USER: Can you help me create a new task titled ""Finish project report""?","USER: Hey there! I need to create a new task in my task management system. Can you help me add a high-priority task called ""Prepare quarterly report"" that's due on May 15th, 2023? Thanks!","USER: Can you help me create a new task for my project? I need to finish the presentation by next Friday, and it's pretty important.","ASSISTANT: I'd be happy to help you create a new task titled ""Finish project report."" Could you please provide the due date for the task and its priority (low, medium, or high)?","ASSISTANT: Certainly! I'd be happy to help you create a new task for your project. To set it up properly, I need a few more details. Could you please provide the following information:

1. What would you like the title of the task to be?
2. You mentioned the due date is next Friday. Can you confirm the exact date for next Friday?
3. How would you rate the priority of this task: low, medium, or high?

Once I have this information, I'll be able to create the task for you in the task management system.","USER: The due date for the task is 2023-10-15, and the priority is high.","USER: Sure, I can provide those details:

1. The title of the task should be ""Finish Project Presentation"".
2. Next Friday's date is May 26, 2023.
3. I'd rate the priority of this task as high, given its importance.

Is there anything else you need to create the task?","USER: Can you help me create a new task titled ""Finish project report""?
ASSISTANT: I'd be happy to help you create a new task titled ""Finish project report."" Could you please provide the due date for the task and its priority (low, medium, or high)?
USER: The due date for the task is 2023-10-15, and the priority is high.","USER: Can you help me create a new task for my project? I need to finish the presentation by next Friday, and it's pretty important.
ASSISTANT: Certainly! I'd be happy to help you create a new task for your project. To set it up properly, I need a few more details. Could you please provide the following information:

1. What would you like the title of the task to be?
2. You mentioned the due date is next Friday. Can you confirm the exact date for next Friday?
3. How would you rate the priority of this task: low, medium, or high?

Once I have this information, I'll be able to create the task for you in the task management system.
USER: Sure, I can provide those details:

1. The title of the task should be ""Finish Project Presentation"".
2. Next Friday's date is May 26, 2023.
3. I'd rate the priority of this task as high, given its importance.

Is there anything else you need to create the task?","<function_call>create_task:{""title"":""Submit project report"",""due_date"":""2023-10-15"",""priority"":""high""}</function_call>","<function_call>create_task:{""title"":""Prepare quarterly report"",""due_date"":""2023-05-15"",""priority"":""high""}</function_call>","<function_call>create_task:{""title"":""Finish project report"",""due_date"":""2023-10-15"",""priority"":""high""}</function_call>","<function_call>create_task:{""title"": ""Finish Project Presentation"", ""due_date"": ""2023-05-26"", ""priority"": ""high""}</function_call>"
3,"USER: I need a new password. Can you generate one for me?


ASSISTANT: Of course! How long would you like your password to be? And do you want it to include numbers and special characters? <|endoftext|>


USER: I want it to be 12 characters long and yes, it should include both numbers and special characters.


ASSISTANT: <functioncall> {""name"": ""generate_password"", ""arguments"": '{""length"": 12, ""include_numbers"": true, ""include_special_characters"": true}'} <|endoftext|>


FUNCTION RESPONSE: {""password"": ""4#7gB6&9L1!0""}


ASSISTANT: Here is your new password: 4#7gB6&9L1!0. Please make sure to save it in a secure place. <|endoftext|>


","SYSTEM: You are a helpful assistant with access to the following functions. Use them if required -
{
    ""name"": ""generate_password"",
    ""description"": ""Generate a random password with specified criteria"",
    ""parameters"": {
        ""type"": ""object"",
        ""properties"": {
            ""length"": {
                ""type"": ""integer"",
                ""description"": ""The length of the password""
            },
            ""include_numbers"": {
                ""type"": ""boolean"",
                ""description"": ""Include numbers in the password""
            },
            ""include_special_characters"": {
                ""type"": ""boolean"",
                ""description"": ""Include special characters in the password""
            }
        },
        ""required"": [
            ""length""
        ]
    }
}
","USER: Can you generate a random password for me that's 12 characters long, includes numbers, and has special characters?",USER: Can you help me create a strong password? Maybe something with special characters?,USER: Hey there! I need to create a new password for my online banking account. Could you generate a strong password for me that's 16 characters long? I want it to include both numbers and special characters to make it extra secure. Can you help me with that?,USER: Can you create a strong password for me? I'd like it to be pretty long and include some special characters.,"ASSISTANT: Sure, I'd be happy to help you create a strong password! Could you please specify the desired length of the password and let me know if you would like to include numbers in addition to special characters?","ASSISTANT: Certainly! I'd be happy to help create a strong password for you. To make sure I generate a password that meets your specific needs, could you please tell me exactly how long you'd like the password to be? For example, would you like it to be 16 characters, 20 characters, or perhaps even longer?","USER: I would like the password to be 12 characters long and yes, please include numbers along with special characters.","USER: I'd like the password to be 20 characters long. And yes, please include both numbers and special characters in it.","USER: Can you help me create a strong password? Maybe something with special characters?
ASSISTANT: Sure, I'd be happy to help you create a strong password! Could you please specify the desired length of the password and let me know if you would like to include numbers in addition to special characters?
USER: I would like the password to be 12 characters long and yes, please include numbers along with special characters.","USER: Can you create a strong password for me? I'd like it to be pretty long and include some special characters.
ASSISTANT: Certainly! I'd be happy to help create a strong password for you. To make sure I generate a password that meets your specific needs, could you please tell me exactly how long you'd like the password to be? For example, would you like it to be 16 characters, 20 characters, or perhaps even longer?
USER: I'd like the password to be 20 characters long. And yes, please include both numbers and special characters in it.","<function_call>generate_password:{""length"":12,""include_numbers"":true,""include_special_characters"":true}</function_call>","<function_call>generate_password:{""length"": 16, ""include_numbers"": true, ""include_special_characters"": true}</function_call>","<function_call>generate_password:{""length"":12,""include_numbers"":true,""include_special_characters"":true}</function_call>","<function_call>generate_password:{""length"": 20, ""include_numbers"": true, ""include_special_characters"": true}</function_call>"
4,"USER: Hi, I have a list of numbers and I need to find the median. Can you help me with that?


ASSISTANT: Of course, I can help you with that. Please provide me with the list of numbers. <|endoftext|>


USER: The numbers are 5, 2, 9, 1, 7, 4, 6, 3, 8.


ASSISTANT: <functioncall> {""name"": ""calculate_median"", ""arguments"": '{""numbers"": [5, 2, 9, 1, 7, 4, 6, 3, 8]}'} <|endoftext|>


FUNCTION RESPONSE: {""median"": 5}


ASSISTANT: The median of the provided list of numbers is 5. <|endoftext|>


","SYSTEM: You are a helpful assistant with access to the following functions. Use them if required -
{
    ""name"": ""calculate_median"",
    ""description"": ""Calculate the median of a list of numbers"",
    ""parameters"": {
        ""type"": ""object"",
        ""properties"": {
            ""numbers"": {
                ""type"": ""array"",
                ""items"": {
                    ""type"": ""number""
                },
                ""description"": ""A list of numbers""
            }
        },
        ""required"": [
            ""numbers""
        ]
    }
}
","USER: Can you help me find the median of the following numbers: 3, 7, 2, 9, 5?","USER: Hey, can you help me find the median of these numbers: 5, 3, 8, 2, and 7?","USER: Hey there! I've got a bunch of test scores from my class and I need to find the median. Can you help me calculate it? The scores are 78, 85, 92, 88, 79, 95, 81, 87, 90, and 83.","USER: Hey there! I've got a bunch of test scores from my class, and I'm trying to figure out what the middle score is. Can you help me find that?","ASSISTANT: Could you please confirm if the list of numbers you provided (5, 3, 8, 2, and 7) is complete, or are there any additional numbers you would like to include?","ASSISTANT: Certainly! I'd be happy to help you find the middle score, which is also known as the median. To calculate this accurately, I'll need some more information. Could you please provide me with the list of test scores from your class? It would be best if you could list all the scores, separated by commas. For example: ""75, 82, 90, 68, 95"". Once I have the complete list of scores, I'll be able to calculate the median for you.","USER: Yes, the list of numbers I provided (5, 3, 8, 2, and 7) is complete.","USER: Oh, of course! Sorry I didn't provide that information earlier. Here are the test scores from my class: 78, 85, 92, 67, 88, 73, 95, 81, 70, 89. Can you help me find the median score from this list?","USER: Hey, can you help me find the median of these numbers: 5, 3, 8, 2, and 7?
ASSISTANT: Could you please confirm if the list of numbers you provided (5, 3, 8, 2, and 7) is complete, or are there any additional numbers you would like to include?
USER: Yes, the list of numbers I provided (5, 3, 8, 2, and 7) is complete.","USER: Hey there! I've got a bunch of test scores from my class, and I'm trying to figure out what the middle score is. Can you help me find that?
ASSISTANT: Certainly! I'd be happy to help you find the middle score, which is also known as the median. To calculate this accurately, I'll need some more information. Could you please provide me with the list of test scores from your class? It would be best if you could list all the scores, separated by commas. For example: ""75, 82, 90, 68, 95"". Once I have the complete list of scores, I'll be able to calculate the median for you.
USER: Oh, of course! Sorry I didn't provide that information earlier. Here are the test scores from my class: 78, 85, 92, 67, 88, 73, 95, 81, 70, 89. Can you help me find the median score from this list?","<function_call>calculate_median:{""numbers"":[3,7,2,9,5]}</function_call>","<function_call>calculate_median:{""numbers"": [78, 85, 92, 88, 79, 95, 81, 87, 90, 83]}</function_call>","<function_call>calculate_median:{""numbers"":[5, 3, 8, 2, 7]}</function_call>","<function_call>calculate_median:{""numbers"": [78, 85, 92, 67, 88, 73, 95, 81, 70, 89]}</function_call>"
